{"cameraMode":{"drawMode":0,"name":"Shaded","section":"Shading Mode"},"sceneLighting":false,"audioPlay":false,"sceneViewState":{"m_AlwaysRefresh":false,"showFog":true,"showSkybox":false,"showFlares":true,"showImageEffects":true,"showParticleSystems":true,"showVisualEffectGraphs":true,"m_FxEnabled":true},"in2DMode":false,"pivot":{"x":-0.6676483750343323,"y":0.5360444784164429,"z":0.7746460437774658},"rotation":{"x":-0.2180958390235901,"y":0.14344783127307893,"z":-0.03246670216321945,"w":-0.9648576378822327},"size":1.8339745998382569,"orthographic":false}