{"cameraMode":{"drawMode":0,"name":"Shaded","section":"Shading Mode"},"sceneLighting":false,"audioPlay":false,"sceneViewState":{"m_AlwaysRefresh":false,"showFog":true,"showSkybox":false,"showFlares":true,"showImageEffects":true,"showParticleSystems":true,"showVisualEffectGraphs":true,"m_FxEnabled":true},"in2DMode":false,"pivot":{"x":0.4172302186489105,"y":0.7347503900527954,"z":0.4285152554512024},"rotation":{"x":-0.08572106808423996,"y":-0.009585900232195855,"z":0.0016769560752436519,"w":-0.9966174364089966},"size":1.1660254001617432,"orthographic":false}