{"cameraMode":{"drawMode":0,"name":"Shaded","section":"Shading Mode"},"sceneLighting":false,"audioPlay":false,"sceneViewState":{"m_AlwaysRefresh":false,"showFog":true,"showSkybox":false,"showFlares":true,"showImageEffects":true,"showParticleSystems":true,"showVisualEffectGraphs":true,"m_FxEnabled":true},"in2DMode":false,"pivot":{"x":0.291194349527359,"y":0.17103691399097444,"z":1.2067279815673829},"rotation":{"x":-0.048801783472299579,"y":-0.19440056383609773,"z":0.009942264296114445,"w":-0.979957103729248},"size":0.8660283088684082,"orthographic":false}