{"cameraMode":{"drawMode":0,"name":"Shaded","section":"Shading Mode"},"sceneLighting":false,"audioPlay":false,"sceneViewState":{"m_AlwaysRefresh":false,"showFog":true,"showSkybox":false,"showFlares":true,"showImageEffects":true,"showParticleSystems":true,"showVisualEffectGraphs":true,"m_FxEnabled":true},"in2DMode":false,"pivot":{"x":-0.6931294798851013,"y":0.46629631519317629,"z":7.080492973327637},"rotation":{"x":-0.0010420250473544002,"y":0.9608657956123352,"z":-0.0015828354516997934,"w":-0.27815306186676028},"size":0.7803435921669006,"orthographic":false}