{"cameraMode":{"drawMode":0,"name":"Shaded","section":"Shading Mode"},"sceneLighting":false,"audioPlay":false,"sceneViewState":{"m_AlwaysRefresh":false,"showFog":false,"showSkybox":false,"showFlares":false,"showImageEffects":false,"showParticleSystems":false,"showVisualEffectGraphs":true,"m_FxEnabled":true},"in2DMode":false,"pivot":{"x":-0.11144058406352997,"y":0.11412355303764343,"z":-0.04493241384625435},"rotation":{"x":-0.09847427904605866,"y":0.8628907203674316,"z":-0.18409641087055207,"w":-0.460417240858078},"size":0.5473009347915649,"orthographic":false}